class_name,feature1,feature2,feature3,feature4
healthy,9.25954087756929,-7.204908461797805,-4.7830994560605005,-3.261909475780669
iron,-4.814394900912331,12.834129566010974,-8.682219757806687,-7.244993115379697
magnesium,-4.589095182872954,-4.273058177403041,9.30569068545387,-5.927994143168132
phoshorus,-8.08955565679641,-5.938645804268973,-3.292620155697777,9.423291342599052
